{"COMO_INICIAR.txt": 1780254255.4371328, "PRUEBA_reporte_con_adjunto.eml": 1780511651.9208422, "Reporte_Costos_Mantenimiento.pdf": 1780247767.7039344, "Reporte_Falla_Cojinetes_U14.docx": 1780627085.8216264, "Reporte_Falla_Cojinetes_U14.prefoto.docx": 1780627085.7947383, "Reporte_Falla_Cojinetes_U14.prelogo.docx": 1780627039.771548, "Reporte_Falla_Cojinetes_U14_con_aceite.bak.docx": 1780626337.1027462, "Reporte_Falla_Cojinetes_U14_con_aceite.docx": 1780626855.7580352, "Reporte_Falla_Cojinetes_U14_con_aceite.prelogo.docx": 1780626855.7151184, "Reporte_Falla_Cojinetes_U14_editable.bak.docx": 1780626235.125958, "Reporte_Falla_Cojinetes_U14_editable.docx": 1780626855.7131228, "Reporte_Falla_Cojinetes_U14_editable.prelogo.docx": 1780626855.6676147, "Reporte_Falla_U14.docx": 1780245709.825837, "_test_gerencial.pdf": 1780612446.0468616, "falla_cojinetes_U14_20260522.jpeg": 1780626235.1249611, "grafico_cojinetes_U14.png": 1780249213.8186278, "grafico_costos.png": 1780247767.6548803, "grafico_falla_A8.png": 1780245709.7343464, "lecturas_nuevas_W46.csv": 1780552112.2775981, "lecturas_nuevas_W47.csv": 1780615814.4131925, "lecturas_nuevas_W48.csv": 1780614297.9645567, "lecturas_nuevas_W49.csv": 1780614297.967041, "lecturas_nuevas_W50.csv": 1780624892.8890924, "lecturas_nuevas_W51.csv": 1780538522.8324647, "lecturas_nuevas_W52.csv": 1780539668.1389694, "lecturas_nuevas_W53.csv": 1780539828.8461165, "lecturas_nuevas_W54.csv": 1780540136.6662526, "lecturas_nuevas_W55.csv": 1780541056.7180076, "lecturas_nuevas_W56.csv": 1780542198.9290323, "lecturas_nuevas_W57.csv": 1780543541.3860927, "lecturas_nuevas_W58.csv": 1780696985.6565015, "logo_lufussa.png": 1780626855.666616, "plantilla_lecturas.csv": 1780243591.817888, "requirements.txt": 1780253985.2125466, "streamlit_log.txt": 1780356295.7313097}